"county","race","students","total","total_prop","estimated_total","estimated_total_se","estimated_prop","doubledup","doubledup_se","doubledup_prop"
"Alameda","AAPI",292,509283,0.307398080825518,2567.23627358893,122.711951527557,0.108937231094003,5464,399.378983396547,0.212004811236565
"Alameda","AIAN",19,5210,0.00314470343816885,100.381846635368,20.4905200512542,0.004259569147203,93,41.0487045784477,0.00360842742404842
"Alameda","Black",853,171168,0.103315277947118,5298.2681209603,318.466365952043,0.224824907870345,4430,398.232634655495,0.171885306328328
"Alameda","Latino",2256,371019,0.223943325321683,12729.287539406,208.542405274757,0.540150259097002,11419,619.290786938603,0.443060567260311
"Alameda","Other",42,5407,0.00326361065070614,325.748815165877,101.845512327162,0.0138227144581102,476,203.533529369851,0.0184689403639468
"Alameda","Two or More",209,74220,0.0447984432209006,843.847730937572,65.2647136774991,0.0358075476803642,789,141.579188844096,0.0306134326620882
"Alameda","White",201,520447,0.314136558595905,1701.42690273288,74.364167078036,0.0721977706529726,3102,290.958285228837,0.120358514724712
"Amador","Latino",30,5340,0.138957558094148,169.272440683591,2.773170282909,0.167224595940443,NA,NA,NA
"Amador","Two or More",18,1418,0.0368992167373598,72.6758811333794,5.62088443155494,0.071796654009746,NA,NA,NA
"Amador","White",91,30035,0.78157120924302,770.297751983544,33.6673592243844,0.760978750049811,NA,NA,NA
"Butte","AAPI",95,10533,0.0466439639176856,835.230979421057,39.92340888739,0.0200042767115287,451,127.078308186563,0.150937081659973
"Butte","AIAN",123,1699,0.00752379138860228,649.840375586855,132.649156121277,0.0155640619323937,NA,NA,NA
"Butte","Black",94,3342,0.0147995943618062,583.865420129271,35.094769518748,0.0139839226684992,20,19.9999999987679,0.00669344042838019
"Butte","Latino",891,36916,0.163477506122214,5027.39148830264,82.3631574023973,0.120409004152241,492,104.63207991392,0.164658634538153
"Butte","Two or More",384,10469,0.0463605485858018,1550.41879751209,119.912201206505,0.0371334486008717,266,102.839519195875,0.0890227576974565
"Butte","White",3911,162537,0.719773090599911,33105.8737143697,1446.95650468756,0.792905285934466,1759,242.40321960203,0.588688085676037
"Calaveras","Latino",67,5489,0.120600254866634,378.041784193352,6.1934136318301,0.246407561760288,NA,NA,NA
"Calaveras","Two or More",18,1931,0.042426506129982,72.6758811333794,5.62088443155494,0.0473701252549835,NA,NA,NA
"Calaveras","White",128,36837,0.809355363184954,1083.49573905378,47.3562855024309,0.706222312984728,NA,NA,NA
"Colusa","Latino",186,12738,0.593735433951711,1049.48913223826,17.1936557540358,0.784786413411972,NA,NA,NA
"Colusa","White",34,7576,0.353127621888692,287.803555686159,12.5790133365832,0.215213586588028,NA,NA,NA
"Contra Costa","AAPI",166,193534,0.169432112556697,1459.45623772522,69.7609039505972,0.0793155727330003,1805,305.632539752833,0.10370583165757
"Contra Costa","AIAN",19,2278,0.00199430773096281,100.381846635368,20.4905200512542,0.00545534936373984,NA,NA,NA
"Contra Costa","Black",810,95892,0.0839500249945065,5031.18074792244,302.412375640276,0.27342442495343,1954,331.999922884998,0.112266590060327
"Contra Costa","Latino",1455,292298,0.255896471090855,8209.71337315414,134.498758721087,0.446164880682152,10243,697.784514295489,0.588509049123815
"Contra Costa","Other",26,3657,0.00320157303429807,201.654028436019,63.0472219168147,0.0109590848604334,81,43.6004291522053,0.00465383510485493
"Contra Costa","Two or More",154,54000,0.0472750735171166,621.782538585579,48.0897890255256,0.0337913785206483,724,164.686748197152,0.0415972421717897
"Contra Costa","White",328,500592,0.438250437075564,2776.4578313253,121.350481599979,0.150889308886597,2598,331.2617195628,0.149267451881643
"Del Norte","AIAN",41,1943,0.0706673940716494,216.613458528952,44.216385373759,0.177204969398868,NA,NA,NA
"Del Norte","Latino",31,5429,0.197454082560466,174.914855373044,2.8656092923393,0.143092593619454,NA,NA,NA
"Del Norte","Two or More",15,1114,0.0405164575377341,60.5632342778161,4.68407035962912,0.0495449643331488,NA,NA,NA
"Del Norte","White",91,17028,0.619312602291326,770.297751983544,33.6673592243844,0.630157472648529,NA,NA,NA
"El Dorado","AAPI",NA,8959,0.0475119721260268,0,0,0,NA,NA,NA
"El Dorado","AIAN",17,1031,0.00546766863064334,89.8153364632238,18.3336232037537,0.0171901745901362,NA,NA,NA
"El Dorado","Black",17,1426,0.0075624592311323,105.592682363804,6.34692640232677,0.0202098741345565,NA,NA,NA
"El Dorado","Latino",247,24199,0.1283337664335,1393.6764282949,22.8324353292841,0.266742207600107,211,73.8307414683444,0.213131313131313
"El Dorado","Two or More",43,5906,0.0313210969278172,173.61460492974,13.4276683642701,0.0332289059715518,35,35.0000000014214,0.0353535353535354
"El Dorado","White",409,146747,0.778238572784693,3462.10747869527,151.318131019486,0.662628837703648,744,224.454275204631,0.751515151515151
"Fresno","AAPI",84,100687,0.102270037916916,738.520023909145,35.3006983846395,0.0288791106831411,3265,325.906676116477,0.139990567251211
"Fresno","AIAN",50,4651,0.00472412472664372,264.1627543036,53.922421187511,0.0103298288102146,54,37.6563297657352,0.00231531106632937
"Fresno","Black",517,44209,0.0449040701010948,3211.25981071099,193.021232353114,0.125573206552967,1339,284.527771822027,0.0574111392187969
"Fresno","Latino",3090,522364,0.530576798260271,17435.0613904098,285.636539139627,0.681781199371987,15778,766.282329705908,0.676499592676757
"Fresno","Other",NA,1732,0.00175923113879745,0,0,0,23,23.0000000000516,0.000986151009732882
"Fresno","Two or More",85,21228,0.0215617543963003,343.191660907625,26.5430653712317,0.0134201777067884,280,98.6507071074092,0.0120053166402264
"Fresno","White",423,289650,0.294203983459977,3580.61482515428,156.497724746314,0.140016476874901,2584,287.054614754642,0.110791922136946
"Glenn","Latino",153,11680,0.417500714898484,863.289447486312,14.1431684428359,0.560404971528233,NA,NA,NA
"Glenn","White",80,14398,0.514655418930512,677.18483690861,29.5976784390193,0.439595028471767,NA,NA,NA
"Humboldt","AAPI",26,4505,0.0331396204207739,228.589531209973,10.9264066428646,0.0271554656404456,97,48.6928753173598,0.0501551189245088
"Humboldt","AIAN",168,6264,0.0460791525673091,887.586854460094,181.179335190037,0.105441549320395,118,54.0184589860979,0.0610134436401241
"Humboldt","Black",24,1336,0.00982786523466235,149.072022160665,8.9603666856378,0.0177091232232207,12,12.0000000010588,0.0062047569803516
"Humboldt","Latino",278,15722,0.115653964984552,1568.59128366794,25.6980446216234,0.186341983738618,232,112.507676297196,0.119958634953464
"Humboldt","Two or More",123,6858,0.0504487273797264,496.618521078092,38.4093769489588,0.058996171496399,127,57.4194470644751,0.0656670113753878
"Humboldt","White",601,101078,0.743548624393115,5087.35108727594,222.352559273132,0.604355706580922,1348,283.250841429005,0.697001034126163
"Imperial","AAPI",11,2607,0.0144271476084803,96.7109555119118,4.62271050275042,0.0107704701488196,29,29.0000000005474,0.00428044280442804
"Imperial","AIAN",39,1104,0.00610954006895369,206.046948356808,42.0594885262586,0.0229469608151998,143,49.4670601612218,0.0211070110701107
"Imperial","Black",22,3882,0.0214830023076795,136.649353647276,8.21366946183465,0.0152183149936121,17,17.0000000003352,0.00250922509225092
"Imperial","Latino",1428,152172,0.842120408852192,8057.36817653891,132.002905466468,0.897330017722476,6459,680.530805728911,0.953357933579336
"Imperial","Two or More",NA,1594,0.00882120187492045,0,0,0,NA,NA,NA
"Imperial","White",57,19228,0.10640782286761,482.494196297385,21.0883458878012,0.0537342363198926,127,77.6594772943615,0.0187453874538745
"Inyo","AIAN",NA,1828,0.101685487011181,0,0,0,NA,NA,NA
"Inyo","Latino",81,4020,0.223619068810146,457.035589845695,7.4875597638543,1,NA,NA,NA
"Inyo","White",NA,11173,0.621516382043723,0,0,0,NA,NA,NA
"Kern","AAPI",103,41845,0.0471418062031835,905.566219793356,43.2853801621175,0.0281444881937641,735,175.20478912077,0.0344779059949339
"Kern","AIAN",41,4303,0.0048476805375146,216.613458528952,44.216385373759,0.00673222431769779,34,23.45207165279,0.00159489633173844
"Kern","Black",678,45761,0.0515534996693483,4211.28462603878,253.130358869268,0.130884354835117,1492,289.189928599151,0.0699878037339338
"Kern","Latino",3283,473374,0.533294428716114,18524.0474254743,303.477267959675,0.575716963234291,14575,875.833265077055,0.683694530443756
"Kern","Two or More",123,18260,0.0205713796456,496.618521078092,38.4093769489588,0.0154346239930156,409,124.470542819101,0.0191856646965006
"Kern","White",924,303225,0.341607699509148,7821.48486629445,341.853185970673,0.243087345426115,4073,431.379097480234,0.191059198799137
"Kings","AAPI",NA,5806,0.0385291755977464,0,0,0,14,13.9999999992476,0.00528301886792453
"Kings","AIAN",NA,1282,0.00850747556257507,0,0,0,9,6.70820244846059,0.00339622641509434
"Kings","Black",63,8779,0.058258290143406,391.314058171745,23.5209625497992,0.0815524570137359,80,54.7904929733851,0.030188679245283
"Kings","Latino",616,82116,0.544929690558826,3475.72744870306,56.9424298090648,0.724364758772382,2385,316.701608423396,0.9
"Kings","Two or More",21,3932,0.0260931309766343,84.7885279889426,6.55769850348077,0.0176704941713118,50,45.2769229379291,0.0188679245283019
"Kings","White",100,48537,0.322096210125356,846.481046135763,36.9970980487741,0.17641229004257,112,44.9443453398631,0.0422641509433962
"Lake","AIAN",41,1926,0.0300023366305787,216.613458528952,44.216385373759,0.0459138041270643,NA,NA,NA
"Lake","Black",14,1331,0.0207337020017135,86.9586795937212,5.22688056662205,0.0184319285104837,NA,NA,NA
"Lake","Latino",288,13224,0.205997351818677,1625.01543056247,26.6224347159264,0.34444138738651,NA,NA,NA
"Lake","Two or More",43,1619,0.0252200327128281,173.61460492974,13.4276683642701,0.0367996846478323,NA,NA,NA
"Lake","White",309,45258,0.705008178207025,2615.62643255951,114.321032970712,0.55441319532811,NA,NA,NA
"Lassen","Black",NA,2612,0.0847556622752937,0,0,0,NA,NA,NA
"Lassen","Latino",20,5844,0.189629437341813,112.84829378906,1.848780188606,0.179351530776267,NA,NA,NA
"Lassen","White",61,20164,0.654292945681095,516.353438142815,22.5682298097522,0.820648469223733,NA,NA,NA
"Los Angeles","AAPI",3636,1479366,0.146739644718035,31967.3667492101,1528.01594436368,0.0812214229957445,33332,1049.18539543404,0.101448746043341
"Los Angeles","AIAN",144,20831,0.00206624563436052,760.788732394367,155.296573020032,0.00193298196654643,429,146.659162994867,0.00130569758948137
"Los Angeles","Black",7755,790252,0.0783858069725251,48168.8971606648,2895.31848529671,0.122385631641729,22794,938.414121893157,0.0693754565376187
"Los Angeles","Latino",48205,4888434,0.484888167219987,271992.600105083,4456.02244958761,0.691068056939446,245409,2762.98544554159,0.746922936449963
"Los Angeles","Other",459,32413,0.00321507463619258,3559.96919431279,1113.02595614684,0.00904502914023232,1132,219.1011585481,0.00344533722912101
"Los Angeles","Two or More",1117,228504,0.022665517374774,4509.94217922138,348.807106113715,0.0114586829843888,2694,285.769190569,0.00819941563184807
"Los Angeles","White",3854,2641770,0.262039543444126,32623.3795180723,1425.86815879975,0.0828881943319128,22770,877.981553516582,0.0693024105186267
"Madera","AAPI",NA,3161,0.0203367367290086,0,0,0,29,29.0000000005474,0.00915693084938428
"Madera","AIAN",23,1546,0.0099464077769843,121.514866979656,24.8043137462551,0.0174616046238771,28,8.36657666010477,0.00884117461319861
"Madera","Black",25,4770,0.0306884638397252,155.283356417359,9.33371529753937,0.0223141138349966,NA,NA,NA
"Madera","Latino",930,89798,0.577728024293426,5247.44566119131,85.968278770179,0.754054410777098,2388,337.681667326155,0.754025892011367
"Madera","Two or More",22,2855,0.0183680428223093,88.826076940797,6.86996986078938,0.0127642474898974,120,82.3164368876413,0.0378907483422798
"Madera","White",159,53053,0.341323914484054,1345.90486335586,58.8253858975508,0.19340562327413,602,145.622152343017,0.19008525418377
"Marin","AAPI",13,15359,0.0590860303989721,114.294765604987,5.46320332143231,0.0162066557350591,178,69.5412478146903,0.0651537335285505
"Marin","AIAN",NA,NA,NA,NA,NA,NA,18,17.9999999990908,0.00658857979502196
"Marin","Black",16,5527,0.021262353669843,99.3813481071099,5.9735777904252,0.0140919777623458,145,72.256427105499,0.0530746705710103
"Marin","Latino",1146,41527,0.159754253817183,6466.20723411316,105.935104807124,0.916888835635778,1830,292.674212721518,0.669838945827233
"Marin","Other",NA,2345,0.00902120849570867,0,0,0,NA,NA,NA
"Marin","Two or More",NA,9787,0.0376505618539449,0,0,0,60,38.2883640201578,0.0219619326500732
"Marin","White",44,184960,0.711540606979222,372.451660299736,16.2787231414606,0.0528125308668171,501,137.494987556362,0.183382137628111
"Mariposa","Latino",22,1963,0.112686567164179,124.133123167966,2.0336582074666,0.2135686498707,NA,NA,NA
"Mariposa","White",54,13935,0.799942594718714,457.099764913312,19.978432946338,0.7864313501293,NA,NA,NA
"Mendocino","AAPI",NA,1938,0.0222186554159406,0,0,0,NA,NA,NA
"Mendocino","AIAN",166,2938,0.0336833898926901,877.02034428795,179.022438342537,0.143164784863985,NA,NA,NA
"Mendocino","Latino",454,21898,0.251054755571861,2561.65626901167,41.9673102813562,0.418164722217804,NA,NA,NA
"Mendocino","Two or More",45,2916,0.0334311657342016,181.689702833448,14.0522110788874,0.0296590237473575,NA,NA,NA
"Mendocino","White",296,56857,0.651850408144547,2505.58389656186,109.511410224371,0.409011469170854,NA,NA,NA
"Merced","AAPI",65,20257,0.0746438599464961,571.473828024934,27.3160166071616,0.0628886217207184,398,143.289649764163,0.0841437632135307
"Merced","Black",86,7812,0.0287859917017341,534.174746075716,32.1079806235354,0.0587839930567228,70,27.2763212493201,0.0147991543340381
"Merced","Latino",1119,161814,0.596259147622171,6313.86203749793,103.439251552506,0.694817613337295,3691,376.174881912044,0.780338266384778
"Merced","Two or More",NA,5305,0.019548090882962,0,0,0,212,92.6281808208189,0.0448202959830867
"Merced","White",197,75037,0.27649954676434,1667.56766088745,72.884283156085,0.183509771885264,359,121.395785988275,0.0758985200845666
"Modoc","Latino",NA,1291,0.144942180307623,0,0,NA,NA,NA,NA
"Modoc","White",NA,6920,0.77691703154822,0,0,NA,NA,NA,NA
"Mono","Latino",41,3865,0.270090845562544,231.339002267574,3.7899993866423,1,NA,NA,NA
"Mono","White",NA,9308,0.650454227812718,0,0,0,NA,NA,NA
"Monterey","AAPI",160,25330,0.0584435061489121,1406.70480744599,67.2394254945515,0.0271988138531678,NA,NA,NA
"Monterey","Black",73,10737,0.0247733093375787,453.427400738689,27.254448668815,0.00876707565321292,NA,NA,NA
"Monterey","Latino",8229,254294,0.586728501880437,46431.4304795089,760.680608601939,0.897757530836441,NA,NA,NA
"Monterey","Two or More",111,11931,0.0275282065480723,448.16793365584,34.6621206612555,0.00866538319762729,NA,NA,NA
"Monterey","White",352,129738,0.299342424032671,2979.61328239789,130.229785131685,0.0576111964595514,NA,NA,NA
"Napa","AAPI",NA,11480,0.0822214105125946,0,0,0,82,35.7770455514525,0.0509316770186335
"Napa","Black",NA,2780,0.01991075968859,0,0,0,18,17.9999999990908,0.0111801242236025
"Napa","Latino",279,47544,0.340516963537526,1574.23369835739,25.7904836310537,0.702589861521158,1271,227.04214336136,0.78944099378882
"Napa","Other",NA,NA,NA,NA,NA,NA,22,15.6204951013358,0.0136645962732919
"Napa","Two or More",12,3676,0.0263280405090852,48.4505874222529,3.7472562877033,0.0216237853014701,NA,NA,NA
"Napa","White",73,73210,0.524340545612113,617.931163679107,27.0078815756051,0.275786353177372,217,67.8157540349813,0.134782608695652
"Nevada","AAPI",NA,1167,0.0117588972633106,0,0,0,NA,NA,NA
"Nevada","Latino",139,9373,0.0944439966144049,784.29564183397,12.8490223108117,0.242689298582128,NA,NA,NA
"Nevada","Two or More",38,3202,0.0322639151989037,153.426860170468,11.8663115777271,0.047475792408281,NA,NA,NA
"Nevada","White",271,84513,0.851567852968441,2293.96363502792,100.262135712178,0.709834909009591,NA,NA,NA
"Orange","AAPI",1670,651876,0.205766081531696,14682.4814277175,701.811503599381,0.0843015895143702,13447,637.488191733464,0.170972663699936
"Orange","AIAN",73,6116,0.00193052874265635,385.677621283255,78.7267349337661,0.0022144238134653,156,68.8330528094771,0.00198347107438017
"Orange","Black",528,51269,0.0161831716983729,3279.58448753463,197.128067084032,0.0188302084090441,1547,290.464666949051,0.0196694214876033
"Orange","Latino",24049,1078726,0.34050221524701,135694.430866656,2223.06573778928,0.779109189861593,54778,1552.74640313975,0.696478067387158
"Orange","Other",119,6032,0.00190401395940208,922.954976303317,288.56228492696,0.00529927941238084,120,53.8515890063008,0.00152574698029243
"Orange","Two or More",420,88170,0.0278310528515387,1695.77055977885,131.153970069615,0.0097365117977373,693,130.425241957578,0.00881118881118881
"Orange","White",2068,1285855,0.405882935969324,17505.2280340876,765.099987648648,0.100508797191409,7909,512.037636587598,0.100559440559441
"Placer","AAPI",92,29139,0.0755851957915707,808.855264281445,38.6626696593671,0.0832622989932602,68,38.8586962921266,0.0313508529276164
"Placer","AIAN",NA,1373,0.00356149743717446,0,0,0,NA,NA,NA
"Placer","Black",85,6361,0.0165001348855548,527.963411819021,31.7346320116339,0.0543477299259825,NA,NA,NA
"Placer","Latino",519,53969,0.139993048206022,2928.41322382612,47.9758458943257,0.301446288582461,917,246.861435901606,0.422775472568004
"Placer","Two or More",119,14174,0.0367666894934529,480.468325270675,37.1602915197244,0.0494586598147651,131,50.308964479039,0.0603964960811434
"Placer","White",587,280105,0.726579198572288,4968.84374081693,217.172965546304,0.511485022683531,1053,193.262534589208,0.485477178423237
"Plumas","Latino",19,1670,0.0894962486602358,107.205879099607,1.7563411791757,0.129676985592156,NA,NA,NA
"Plumas","White",85,15514,0.831404072883173,719.508889215399,31.447533341458,0.870323014407844,NA,NA,NA
"Riverside","AAPI",444,158818,0.0658602602014813,3903.60584066262,186.58940574738,0.0340747228726732,2582,310.416438508875,0.0468908906000291
"Riverside","AIAN",91,10362,0.00429701933161071,480.776212832551,98.13880656127,0.00419671372693245,799,177.134593437731,0.0145103879122476
"Riverside","Black",2025,147160,0.061025802435807,12577.9518698061,756.030939100689,0.109793417102971,3549,386.191810831449,0.0644522737178556
"Riverside","Latino",13781,1179478,0.489117908435586,77758.1168353521,1273.90198895896,0.678753539782543,38670,1298.25255553515,0.702273717855586
"Riverside","Other",63,5936,0.00246160072885941,488.623222748815,152.768268490743,0.00426521057297427,116,71.6798116557717,0.00210663954670928
"Riverside","Two or More",562,57983,0.0240449789524015,2269.10251094218,175.496502807438,0.0198070815512759,1008,227.735518988696,0.0183059712334738
"Riverside","White",2018,851702,0.353192429914255,17081.9875110197,746.601438624261,0.14910931439063,8340,548.596106898514,0.151460119134099
"Sacramento","AAPI",622,252460,0.165596079637769,5468.56493894629,261.393266610069,0.0838084733613432,5895,453.920576509164,0.214332460732984
"Sacramento","AIAN",113,5554,0.0036430350404348,597.007824726135,121.864671883775,0.00914944138611887,174,52.2109639799503,0.00632635253054101
"Sacramento","Black",2435,144695,0.0949097866718966,15124.5989150508,909.103869980335,0.231791989200969,3125,409.660457600936,0.113619837114602
"Sacramento","Latino",3697,353318,0.231751864316951,20860.0071069078,341.747017863819,0.319689967926682,9683,614.240458353807,0.35205788248982
"Sacramento","Other",94,5074,0.00332818865595358,729.056872037914,227.939956160792,0.0111731586113097,655,195.680310324325,0.0238147178592205
"Sacramento","Two or More",882,81623,0.0535389717510641,3561.11817553559,275.423337146192,0.0545759044800658,1954,285.453906781352,0.071044211751018
"Sacramento","White",2234,681829,0.447232073925931,18910.3865706729,826.515170409613,0.289811065033512,6018,430.725049009131,0.218804537521815
"San Benito","AAPI",NA,1790,0.0296475420696966,0,0,0,NA,NA,NA
"San Benito","Latino",268,36081,0.597605008612694,1512.16713677341,24.7736545273204,0.852128572855442,NA,NA,NA
"San Benito","Two or More",NA,1061,0.0175732078971777,0,0,0,NA,NA,NA
"San Benito","White",31,20703,0.342901152775937,262.409124302087,11.46910039512,0.147871427144558,NA,NA,NA
"San Bernardino","AAPI",1310,156325,0.0727420870150314,11517.395610964,550.52279623664,0.0621513471273411,2730,306.783195655066,0.0480879322189146
"San Bernardino","AIAN",194,7783,0.00362163226123774,1024.95148669797,209.218994207543,0.0055309479495354,179,66.3549900941463,0.00315301826636839
"San Bernardino","Black",3419,169340,0.0787983049104457,21236.551823638,1276.47890409148,0.114598851056417,3434,405.380768415615,0.0604886297581512
"San Bernardino","Latino",21122,1145874,0.533204965400685,119179.083070627,1952.4967571868,0.64312634665336,41045,1317.96433683511,0.722992372866428
"San Bernardino","Other",382,3624,0.00168634142550759,2962.76303317535,926.309183547047,0.0159879646363491,NA,NA,NA
"San Bernardino","Two or More",709,53019,0.024671119216056,2862.62220686478,221.400392331803,0.0154475744762922,942,170.890389622862,0.0165929788096035
"San Bernardino","White",3134,613066,0.285275549771036,26528.7159858948,1159.48905284858,0.143156968100706,8441,577.934052636402,0.148685068080534
"San Diego","AAPI",1168,398404,0.120143314094714,10268.9450943557,490.847806110226,0.0839074066205915,5840,452.295529544918,0.088216190087763
"San Diego","AIAN",156,12474,0.00376167834664677,824.18779342723,168.237954105034,0.00673442692305732,87,36.5102252818566,0.00131417954411565
"San Diego","Black",1687,156084,0.0470689276140785,10478.5208910434,629.839108277957,0.0856198475216702,2528,308.312369564936,0.0381867343393604
"San Diego","Latino",14070,1117517,0.337000120323045,79388.774680604,1300.61686268432,0.648684566625768,44166,1370.69396742686,0.667150043050709
"San Diego","Other",183,6560,0.00197824354288944,1419.33412322275,443.75544656835,0.0115973592529178,369,138.790977130681,0.00557393392849051
"San Diego","Two or More",923,114278,0.0344618468893779,3726.65768256162,288.226462795845,0.0304504677582042,1771,245.510281393353,0.0267518617543542
"San Diego","White",1923,1510756,0.455585869189249,16277.8305171907,711.454195477926,0.133005925297791,11440,667.535652598473,0.172807057295207
"San Francisco","AAPI",689,301042,0.344063335394378,6057.6225770643,289.549776035912,0.310816873822123,6108,430.543219671729,0.500163773337701
"San Francisco","AIAN",19,1634,0.00186751180909778,100.381846635368,20.4905200512542,0.00515059684930346,NA,NA,NA
"San Francisco","Black",542,43782,0.0500388017294485,3366.54316712835,202.354947650654,0.172737474063821,934,189.012002720392,0.0764821487061906
"San Francisco","Latino",1360,133314,0.152365648297467,7673.68397765611,125.717052825208,0.39373705348772,3159,395.996927082855,0.258679986898133
"San Francisco","Other",122,3626,0.00414418471223289,946.222748815165,295.8369643789,0.048550729759832,20,19.9999999987678,0.00163773337700622
"San Francisco","Two or More",92,37140,0.0424476062361637,371.454503570606,28.7289648723919,0.0190593464842303,508,128.809418970056,0.0415984277759581
"San Francisco","White",115,354423,0.405072911821213,973.453203056127,42.5466627560902,0.0499479255329688,1483,228.052213590232,0.121437929905011
"San Joaquin","AAPI",303,116940,0.157473104741026,2663.94722910084,127.334662030307,0.0886170372128322,2305,259.761617961828,0.145178560181394
"San Joaquin","AIAN",54,1697,0.00228520488066975,285.295774647887,58.2362148825119,0.00949045311500747,32,31.9999999985422,0.00201549411097814
"San Joaquin","Black",817,50030,0.067371125621631,5074.6600877193,305.025815923587,0.168810153941256,1382,222.033715256443,0.0870441519178686
"San Joaquin","Latino",2815,307463,0.414034147451599,15883.3973508102,260.215811546295,0.528366177350306,9324,583.835674871449,0.587264596586257
"San Joaquin","Other",NA,NA,NA,NA,NA,NA,75,35.2277954866754,0.00472381432260503
"San Joaquin","Two or More",260,29008,0.0390625946838351,1049.76272748215,81.1905529002381,0.0349206852409493,490,119.50679930176,0.0308622535743528
"San Joaquin","White",603,236509,0.318486459117456,5104.28070819865,223.092501234108,0.16979549313965,2269,266.263386794338,0.142911129306544
"San Luis Obispo","AAPI",40,10234,0.0362695585916042,351.676201861498,16.8098563736379,0.0197449880122257,62,42.8252132298362,0.0307082714214958
"San Luis Obispo","AIAN",15,1510,0.00535147874470611,79.2488262910799,16.1767263562533,0.00444945411949311,45,44.999999997727,0.0222882615156018
"San Luis Obispo","Black",29,4909,0.017397621958783,180.128693444137,10.8271097451457,0.0101133908802652,12,12.0000000010588,0.00594353640416048
"San Luis Obispo","Latino",2007,63534,0.225166126202754,11324.3262817322,185.525091926612,0.635808409826368,435,136.560996041712,0.215453194650817
"San Luis Obispo","Other",NA,NA,NA,NA,NA,NA,18,17.9999999990908,0.00891530460624071
"San Luis Obispo","Two or More",82,7203,0.0255276168199458,331.079014052062,25.6062512993059,0.0185885514258711,NA,NA,NA
"San Luis Obispo","White",655,194375,0.688869987418709,5544.45085218925,242.33099221947,0.311295205735777,1447,205.046006957657,0.716691431401684
"San Mateo","AAPI",308,227379,0.29628900879958,2707.90675433353,129.435894077012,0.192966448732428,2920,297.1318428911,0.18001356266568
"San Mateo","AIAN",NA,1158,0.00150894617440447,0,0,0,30,30.0000000011486,0.00184945441094877
"San Mateo","Black",110,16718,0.0217845959790103,683.246768236381,41.0683473091732,0.0486884204057212,353,100.114617365746,0.0217619135688305
"San Mateo","Latino",1724,187248,0.243995814563806,9727.52292461701,159.364852257837,0.693186924078047,10651,755.344000226465,0.656617964367178
"San Mateo","Other",11,3012,0.00392482372824375,85.3151658767772,26.6738246571139,0.0060795906490922,94,94.0000000074517,0.00579495715430615
"San Mateo","Two or More",46,30785,0.0401147737297423,185.727251785303,14.364482436196,0.0132349934695828,558,136.498491057676,0.0343998520436471
"San Mateo","White",76,301123,0.392382037025213,643.32559506318,28.1177945170683,0.0458436226651281,1615,202.878239101543,0.0995622957894088
"Santa Barbara","AAPI",95,24269,0.0545580436527295,835.230979421057,39.92340888739,0.0175307475940227,239,87.4584051532705,0.0279695728496197
"Santa Barbara","AIAN",13,1601,0.00359913584770777,68.6823161189359,14.0198295087529,0.00144158008708984,NA,NA,NA
"Santa Barbara","Black",47,8409,0.0189038934062303,291.932710064635,17.547384759374,0.00612740520966973,152,108.811735436378,0.0177881802223523
"Santa Barbara","Latino",7653,201837,0.453740650901807,43181.399618384,707.435739170086,0.906338768697536,6438,475.969743253125,0.753423054417788
"Santa Barbara","Two or More",48,10117,0.022743571125084,193.802349689012,14.9890251508132,0.00406773714006822,73,40.9267391620248,0.0085430076067876
"Santa Barbara","White",363,197993,0.445099127979516,3072.72619747282,134.29946591705,0.0644937612716131,1643,237.119247999456,0.192276184903452
"Santa Clara","AAPI",409,705519,0.366033712586966,3595.88916403381,171.880781420447,0.144862541897524,8497,494.266319715106,0.272095555270911
"Santa Clara","AIAN",22,3366,0.00174633068218961,116.231611893584,23.7258653225048,0.00468245988117799,NA,NA,NA
"Santa Clara","Black",153,45259,0.0234810399124241,950.334141274239,57.122337620941,0.0382847782779136,1172,227.401118601205,0.0375304214166773
"Santa Clara","Latino",3078,490978,0.254726662412385,17367.3524141364,284.527271026463,0.699654161175429,18177,830.118427018187,0.582073779941079
"Santa Clara","Other",58,5505,0.00285607558094289,449.843601895734,140.64380273751,0.0181222180813416,14,13.9999999992476,0.000448315614192391
"Santa Clara","Two or More",117,68940,0.0357670936512631,472.393227366966,36.5357488051071,0.0190306432066965,703,163.538195537873,0.0225118483412322
"Santa Clara","White",221,607903,0.315389085173829,1870.72311196004,81.7635866877908,0.0753631974799177,2665,276.136041180838,0.0853400794159088
"Santa Cruz","AAPI",11,12702,0.046364094290449,96.7109555119118,4.62271050275042,0.00450717762437607,84,37.3094742223743,0.020817843866171
"Santa Cruz","Black",13,2491,0.00909250187982275,80.7473453370268,4.85353195472047,0.00376319958999875,49,37.1618007625657,0.0121437422552664
"Santa Cruz","Latino",3331,91980,0.335739993137734,18794.883330568,307.914340412329,0.875928452489139,2701,392.87027065372,0.669392812887237
"Santa Cruz","Two or More",20,8890,0.0324497558055497,80.7509790370882,6.24542714617216,0.00376336893722031,130,55.4075116678095,0.0322180916976456
"Santa Cruz","White",284,156897,0.572696213343456,2404.00617102557,105.071758458518,0.112037801359266,1071,254.468861130917,0.26542750929368
"Shasta","AAPI",25,5989,0.0334185210811776,219.797626163436,10.5061602335237,0.0290416799540878,121,54.4517542507998,0.0433847257081391
"Shasta","AIAN",49,3912,0.0218288953864697,258.879499217527,52.8439727637608,0.0342055357657027,154,80.162275636523,0.0552169236285407
"Shasta","Black",43,2030,0.0113273664709952,267.087373037858,16.0539903117677,0.0352900353972698,NA,NA,NA
"Shasta","Latino",163,17975,0.100300203111399,919.713594380842,15.0675585371389,0.121521002404145,308,109.343285735967,0.110433847257081
"Shasta","Two or More",72,6115,0.034121599000067,290.703524533518,22.4835377262198,0.0384104181122961,184,71.9165080647018,0.0659734671925421
"Shasta","White",663,143013,0.798010177889873,5612.16933588011,245.290760063372,0.741531328366499,2022,301.621929879692,0.724991036213697
"Sierra","White",NA,2662,0.875657894736842,0,0,NA,NA,NA,NA
"Siskiyou","AIAN",44,1389,0.0319545412717401,232.463223787168,47.4517306450097,0.118026205025393,NA,NA,NA
"Siskiyou","Latino",58,5467,0.125770681880924,327.260051988275,5.3614625469574,0.166156441278439,NA,NA,NA
"Siskiyou","Two or More",41,1976,0.0454587282598693,165.539507026031,12.8031256496529,0.0840477021601702,NA,NA,NA
"Siskiyou","White",147,33081,0.761042606055029,1244.32713781957,54.3857341316979,0.631769651535998,NA,NA,NA
"Solano","AAPI",62,70158,0.158789939094084,545.098112885321,26.0552773791387,0.0677540189651713,1112,227.357305884938,0.197338065661047
"Solano","AIAN",NA,1254,0.00283820210986603,0,0,0,60,60.0000000022973,0.0106477373558119
"Solano","Black",331,59652,0.135011508977455,2055.95163896584,123.578390539421,0.255548465579209,1708,294.636104699008,0.303105590062112
"Solano","Latino",626,116869,0.26451183602706,3532.15159559759,57.8668199033678,0.439035580088913,1941,289.811942975195,0.344454303460515
"Solano","Other",NA,1635,0.00370052667434686,0,0,0,NA,NA,NA
"Solano","Two or More",92,24201,0.0547745847375342,371.454503570606,28.7289648723919,0.0461706523737606,173,52.124705719077,0.030700976042591
"Solano","White",182,168060,0.380373402379654,1540.59550396709,67.3347184487689,0.191491282992946,641,116.536604613619,0.113753327417924
"Sonoma","AAPI",NA,21565,0.0431496762523711,0,0,0,380,98.2136724419968,0.0704225352112676
"Sonoma","AIAN",24,2343,0.00468813779083262,126.798122065728,25.8827621700053,0.0275798155927132,4,3.16227713512813,0.000741289844329133
"Sonoma","Black",20,7399,0.0148047509664407,124.226685133887,7.4669722380315,0.0270205032367172,87,87.000000001642,0.0161230541141586
"Sonoma","Latino",430,133569,0.267259870500948,2426.2383164648,39.748774055029,0.527730255479553,3009,426.398982038363,0.55763528539659
"Sonoma","Other",NA,2239,0.0044800428995622,0,0,0,NA,NA,NA
"Sonoma","Two or More",50,16635,0.0332851780411868,201.87744759272,15.6135678654304,0.0439102936717685,89,88.9999999975289,0.0164936990363232
"Sonoma","White",203,316022,0.632332343548658,1718.3565236556,75.1041090390114,0.373759132019248,1827,245.815351219382,0.338584136397331
"Stanislaus","AAPI",89,32909,0.0605842479850661,782.479549141832,37.4019304313443,0.0727269233297589,454,110.769548001773,0.0464165218280339
"Stanislaus","AIAN",11,2481,0.00456742894803698,58.1158059467919,11.8629326612524,0.00540152617148256,83,49.8497498858795,0.0084858398936714
"Stanislaus","Black",114,15311,0.0281869829195462,708.092105263158,42.5617417567795,0.0658130430454826,354,200.783348362269,0.0361926183416829
"Stanislaus","Latino",1068,251259,0.46255849659606,6026.09888833582,98.7248620715604,0.5600908449431,6154,504.481109922464,0.629179020550046
"Stanislaus","Other",NA,NA,NA,NA,NA,NA,49,49.0000000018225,0.00500971270831203
"Stanislaus","Two or More",57,13118,0.0241497512859126,230.140290255701,17.7994673665907,0.0213902015239519,202,68.8184571726042,0.0206522850424292
"Stanislaus","White",349,227369,0.418577892981145,2954.21885101381,129.119872190222,0.274577460986224,2485,307.323341313783,0.254064001635825
"Sutter","AAPI",20,15290,0.159090199669126,175.838100930749,8.40492818681894,0.060699001992014,NA,NA,NA
"Sutter","Black",25,1684,0.0175217721545329,155.283356417359,9.33371529753937,0.0536035404762248,NA,NA,NA
"Sutter","Latino",168,29748,0.309523561789218,947.925667828107,15.5297535842904,0.327222266933149,NA,NA,NA
"Sutter","Two or More",38,4202,0.0437211915637453,153.426860170468,11.8663115777271,0.052962681249517,NA,NA,NA
"Sutter","White",173,44412,0.462100323590923,1464.41220981487,64.0049796243792,0.505512509349095,NA,NA,NA
"Tehama","Latino",255,15958,0.249687069720866,1438.81574581052,23.5719474047265,0.316387999389744,NA,NA,NA
"Tehama","Two or More",32,1920,0.0300413067968457,129.201566459341,9.99268343387546,0.0284107435223156,NA,NA,NA
"Tehama","White",352,43679,0.683424083114282,2979.61328239789,130.229785131685,0.65520125708794,NA,NA,NA
"Trinity","White",107,10427,0.821023622047244,905.734719365266,39.5868949121883,1,NA,NA,NA
"Tulare","AAPI",52,15573,0.0337152358312874,457.179062419947,21.8528132857292,0.030332873712167,599,232.80642493676,0.0475774424146148
"Tulare","AIAN",18,2784,0.00602730472961563,95.0985915492958,19.412071627504,0.00630959246558856,45,32.2955021102783,0.00357426528991263
"Tulare","Black",74,5785,0.0125244101511589,459.638734995383,27.6277972807165,0.030496067838357,160,108.747378728796,0.0127084988085782
"Tulare","Latino",2020,298245,0.645694503981398,11397.6776726951,186.726799049206,0.756212053167642,10442,680.698125575273,0.829388403494837
"Tulare","Other",19,1002,0.00216931010742632,147.362559241706,46.0729698622877,0.00977719731021823,NA,NA,NA
"Tulare","Two or More",38,6793,0.014706710139468,153.426860170468,11.8663115777271,0.0101795509815588,254,90.5315903052396,0.020174741858618
"Tulare","White",279,131716,0.285162525059645,2361.68211871878,103.22190355608,0.156692664524468,1090,152.083383506423,0.0865766481334392
"Tuolumne","Latino",77,6617,0.122435007863817,434.465931087882,7.1178037261331,0.199673791053907,NA,NA,NA
"Tuolumne","Two or More",12,1479,0.0273660838190397,48.4505874222529,3.7472562877033,0.0222671371381548,NA,NA,NA
"Tuolumne","White",200,43341,0.801942825423258,1692.96209227153,73.9941960975482,0.778059071807938,NA,NA,NA
"Ventura","AAPI",172,62131,0.0733314212942144,1512.20766800444,72.2823824066429,0.0412198172400624,933,163.47028241142,0.0461538461538462
"Ventura","AIAN",NA,2017,0.00238060673014164,0,0,0,86,59.9499616059275,0.00425426663368786
"Ventura","Black",80,14297,0.0168743353598587,496.90674053555,29.867888952126,0.0135447038549009,176,71.3301176157041,0.00870640613405887
"Ventura","Latino",5071,361601,0.426787195947421,28612.6848902163,468.758216821051,0.779925711842605,16331,783.227808889249,0.807865446450655
"Ventura","Other",NA,1138,0.00134314846747704,0,0,0,9,8.99999999954541,0.000445213950037101
"Ventura","Two or More",89,21261,0.025093743029024,359.341856715042,27.7921508004661,0.0097949547366369,329,104.818634797553,0.0162750432846896
"Ventura","White",674,384818,0.454189549171863,5705.28225095504,249.360440848737,0.155514812325795,2351,244.622107483571,0.116299777393025
"Yolo","AAPI",32,31038,0.142800618351798,281.340961489198,13.4478850989103,0.0544649051416739,1405,246.86826788946,0.251701898960946
"Yolo","Black",45,5279,0.0242877912326549,279.510041551247,16.8006875355709,0.0541104566453914,320,156.435152350486,0.0573271228950197
"Yolo","Latino",500,68704,0.316095550075454,2821.20734472651,46.21950471515,0.546158616940046,2094,284.3863904052,0.375134360444285
"Yolo","Two or More",35,9854,0.0453365968567117,141.314213314904,10.9294975058013,0.027357073007167,164,80.0998668569895,0.0293801504836976
"Yolo","White",194,101452,0.466763590857227,1642.17322950338,71.7743702146218,0.317908948265722,1599,259.190321490977,0.286456467216052
"Yuba","AAPI",12,5371,0.0703378732320587,105.502860558449,5.04295691209136,0.0425812035093676,NA,NA,NA
"Yuba","Black",41,2554,0.0334468308014667,254.664704524469,15.3072930879646,0.102783275757739,NA,NA,NA
"Yuba","Latino",110,21563,0.282386066003143,620.665615839832,10.168291037333,0.250502107331025,NA,NA,NA
"Yuba","Two or More",29,3997,0.0523441592456784,117.088919603778,9.05586936194963,0.0472573642832963,NA,NA,NA
"Yuba","White",163,42145,0.551925091671032,1379.76410520129,60.3052698195018,0.556876049118571,NA,NA,NA
